Tarea-001, Tarea 1, Incompleta
Tarea-002, Tarea 1, Incompleta
Tarea-003, Tarea 1, Incompleta
Tarea-004, Tarea 1, Incompleta
Tarea-005, Tarea 1, Incompleta
Tarea-006, Tarea 1, Incompleta
Tarea-007, Tarea 1, Incompleta
Tarea-008, Tarea 1, Incompleta
Tarea-009, Tarea 1, Incompleta
Tarea-010, Tarea 1, Incompleta
Tarea-011, Tarea 1, Incompleta
Tarea-012, Tarea 1, Incompleta
Tarea-013, Tarea 1, Incompleta
Tarea-014, Tarea 1, Incompleta
Tarea-015, Tarea 1, Incompleta
Tarea-016, Tarea 1, Incompleta
Tarea-017, Tarea 1, Incompleta
Tarea-018, Tarea 1, Incompleta
Tarea-019, Tarea 1, Incompleta
Tarea-020, Tarea 1, Incompleta
Tarea-022, Tarea 1, Incompleta
Tarea-023, Tarea 1, Incompleta
Tarea-024, Tarea 1, Incompleta
Tarea-025, Tarea 1, Incompleta
